"id","word","cefr","parts_of_speech","current_arabic_meaning","manual_review_reason"
"5","about","A1","preposition + adverb","حول؛ عن؛ تقريبًا","Multi-sense or multi-POS separation requires human dictionary review."
"6","above","A1","preposition + adverb","لأعلى؛ أعلاه؛ فوق","Multi-sense or multi-POS separation requires human dictionary review."
"27","across","A1","preposition + adverb","عبر؛ من جهة إلى أخرى","Multi-sense or multi-POS separation requires human dictionary review."
"50","advance","B2","noun + verb + adjective","تقدّم؛ يتقدّم؛ مُسبق","Multi-sense or multi-POS separation requires human dictionary review."
"64","after","A2","conjunction + adverb","بعد ذلك / فيما بعد","Multi-sense or multi-POS separation requires human dictionary review."
"81","aid","B2","noun + verb","مساعدة؛ يساعد","Multi-sense or multi-POS separation requires human dictionary review."
"82","aim","B1","verb + noun","هدف؛ يهدف","Multi-sense or multi-POS separation requires human dictionary review."
"93","all","A1","determiner + pronoun","الكلّ","Multi-sense or multi-POS separation requires human dictionary review."
"98","alone","A2","adjective + adverb","وحيد؛ بمفرده","Multi-sense or multi-POS separation requires human dictionary review."
"99","along","A2","preposition + adverb","على طول","Multi-sense or multi-POS separation requires human dictionary review."
"130","another","A1","determiner + pronoun","آخر","Multi-sense or multi-POS separation requires human dictionary review."
"131","answer","A1","noun + verb","إجابة؛ يجيب","Multi-sense or multi-POS separation requires human dictionary review."
"133","any","A1","determiner + pronoun","أيّ","Multi-sense or multi-POS separation requires human dictionary review."
"140","anywhere","A2","adverb + pronoun","في أيّ مكان","Multi-sense or multi-POS separation requires human dictionary review."
"147","appeal","B2","noun + verb","استئناف؛ نداء؛ يستأنف","Multi-sense or multi-POS separation requires human dictionary review."
"155","approach","B2","noun + verb","نهج؛ يقترب","Multi-sense or multi-POS separation requires human dictionary review."
"171","around","A1","preposition + adverb","حول؛ في الجوار؛ تقريبًا","Multi-sense or multi-POS separation requires human dictionary review."
"174","arrest","B1","verb + noun","يعتقل؛ اعتقال","Multi-sense or multi-POS separation requires human dictionary review."
"183","as","A2","adverb + conjunction","كما / بينما / لأن","Multi-sense or multi-POS separation requires human dictionary review."
"192","assistant","A2","noun + adjective","المساعد","Multi-sense or multi-POS separation requires human dictionary review."
"201","attack","A2","noun + verb","هجوم؛ يهاجم","Multi-sense or multi-POS separation requires human dictionary review."
"202","attempt","B2","noun + verb","محاولة؛ يحاول","Multi-sense or multi-POS separation requires human dictionary review."
"204","attention","A2","noun + exclamation","الانتباه","Multi-sense or multi-POS separation requires human dictionary review."
"216","average","A2","adjective + noun","متوسط","Multi-sense or multi-POS separation requires human dictionary review."
"225","back","A1","noun + adverb","ظهر؛ خلف","Multi-sense or multi-POS separation requires human dictionary review."
"234","balance","B1","noun + verb","توازن؛ رصيد؛ يوازن","Multi-sense or multi-POS separation requires human dictionary review."
"236","ban","B1","verb + noun","يحظر؛ حظر","Multi-sense or multi-POS separation requires human dictionary review."
"244","base","B1","noun + verb","قاعدة؛ يؤسّس","Multi-sense or multi-POS separation requires human dictionary review."
"256","be","A1","verb + auxiliary","يكون","Multi-sense or multi-POS separation requires human dictionary review."
"272","behind","A1","preposition + adverb","خلف؛ وراء","Multi-sense or multi-POS separation requires human dictionary review."
"278","below","A1","adverb + preposition","أدناه؛ في الأسفل","Multi-sense or multi-POS separation requires human dictionary review."
"280","bend","B1","verb + noun","ينحني؛ انحناء","Multi-sense or multi-POS separation requires human dictionary review."
"285","best","A2","adverb + noun","الأفضل","Multi-sense or multi-POS separation requires human dictionary review."
"286","bet","B2","verb + noun","يراهن؛ رهان","Multi-sense or multi-POS separation requires human dictionary review."
"291","beyond","B2","preposition + adverb","وراء؛ أبعد من","Multi-sense or multi-POS separation requires human dictionary review."
"305","bite","B1","verb + noun","يعضّ؛ عضة","Multi-sense or multi-POS separation requires human dictionary review."
"307","black","A1","adjective + noun","أسود","Multi-sense or multi-POS separation requires human dictionary review."
"308","blame","B2","verb + noun","يلوم؛ لوم","Multi-sense or multi-POS separation requires human dictionary review."
"309","blank","A2","adjective + noun","فارغ","Multi-sense or multi-POS separation requires human dictionary review."
"311","block","B1","noun + verb","كتلة؛ مبنى؛ يمنع","Multi-sense or multi-POS separation requires human dictionary review."
"316","blue","A1","adjective + noun","أزرق","Multi-sense or multi-POS separation requires human dictionary review."
"322","bomb","B1","noun + verb","قنبلة؛ يقصف","Multi-sense or multi-POS separation requires human dictionary review."
"335","both","A1","determiner + pronoun","كلاهما","Multi-sense or multi-POS separation requires human dictionary review."
"338","bottom","A2","noun + adjective","أسفل؛ قاع","Multi-sense or multi-POS separation requires human dictionary review."
"355","broadcast","B2","verb + noun","يبث؛ بث","Multi-sense or multi-POS separation requires human dictionary review."
"358","brown","A1","adjective + noun","بني","Multi-sense or multi-POS separation requires human dictionary review."
"359","brush","A2","verb + noun","فرشاة؛ ينظّف بالفرشاة","Multi-sense or multi-POS separation requires human dictionary review."
"386","call","A1","verb + noun","يتصل؛ ينادي؛ مكالمة","Multi-sense or multi-POS separation requires human dictionary review."
"387","calm","B1","adjective + verb + noun","هادئ؛ يهدّئ؛ هدوء","Multi-sense or multi-POS separation requires human dictionary review."
"389","camp","A2","noun + verb","مخيّم؛ يخيّم","Multi-sense or multi-POS separation requires human dictionary review."
"390","campaign","B1","noun + verb","حملة؛ ينظّم حملة","Multi-sense or multi-POS separation requires human dictionary review."
"402","capital","A1","noun + adjective","عاصمة؛ رأس مال؛ رئيسي","Multi-sense or multi-POS separation requires human dictionary review."
"404","capture","B2","verb + noun","يأسر؛ يلتقط؛ أسر","Multi-sense or multi-POS separation requires human dictionary review."
"407","care","A2","noun + verb","عناية؛ يهتم","Multi-sense or multi-POS separation requires human dictionary review."
"412","cast","B2","noun + verb","طاقم تمثيل؛ يرمي؛ يختار للمشاركة","Multi-sense or multi-POS separation requires human dictionary review."
"418","cause","A2","noun + verb","سبب؛ يسبّب","Multi-sense or multi-POS separation requires human dictionary review."
"442","change","A1","verb + noun","يغيّر؛ تغيير","Multi-sense or multi-POS separation requires human dictionary review."
"446","characteristic","B2","noun + adjective","سمة؛ مميّز","Multi-sense or multi-POS separation requires human dictionary review."
"447","charge","B1","noun + verb","رسم؛ تكلفة؛ تهمة؛ يتقاضى؛ يشحن","Multi-sense or multi-POS separation requires human dictionary review."
"451","chat","A2","verb + noun","يدردش؛ دردشة","Multi-sense or multi-POS separation requires human dictionary review."
"454","cheat","B1","verb + noun","يغش؛ غش","Multi-sense or multi-POS separation requires human dictionary review."
"460","chemical","B1","adjective + noun","كيميائي؛ مادة كيميائية","Multi-sense or multi-POS separation requires human dictionary review."
"464","chief","B2","adjective + noun","رئيسي؛ رئيس","Multi-sense or multi-POS separation requires human dictionary review."
"474","circle","A2","noun + verb","دائرة؛ يحيط","Multi-sense or multi-POS separation requires human dictionary review."
"480","claim","B1","verb + noun","يدّعي؛ مطالبة؛ ادعاء","Multi-sense or multi-POS separation requires human dictionary review."
"482","classic","B2","adjective + noun","كلاسيكي؛ عمل كلاسيكي","Multi-sense or multi-POS separation requires human dictionary review."
"484","click","B1","verb + noun","ينقر؛ نقرة","Multi-sense or multi-POS separation requires human dictionary review."
"510","cold","A1","adjective + noun","بارد؛ زكام","Multi-sense or multi-POS separation requires human dictionary review."
"511","collapse","B2","verb + noun","ينهار؛ انهيار","Multi-sense or multi-POS separation requires human dictionary review."
"523","comfort","B2","noun + verb","راحة؛ يواسي","Multi-sense or multi-POS separation requires human dictionary review."
"525","command","B2","noun + verb","أمر؛ قيادة؛ يأمر","Multi-sense or multi-POS separation requires human dictionary review."
"528","commercial","B1","adjective + noun","تجاري؛ إعلان تجاري","Multi-sense or multi-POS separation requires human dictionary review."
"529","commission","B2","noun + verb","عمولة؛ لجنة؛ يكلّف","Multi-sense or multi-POS separation requires human dictionary review."
"533","common","A1","adjective + noun","شائع / مشترك","Multi-sense or multi-POS separation requires human dictionary review."
"547","complete","A1","adjective + verb","كامل؛ يكمل","Multi-sense or multi-POS separation requires human dictionary review."
"557","conduct","B2","verb + noun","يجري؛ يدير؛ سلوك","Multi-sense or multi-POS separation requires human dictionary review."
"562","conflict","B2","noun + verb","نزاع؛ يتعارض","Multi-sense or multi-POS separation requires human dictionary review."
"571","conservative","B2","adjective + noun","محافظ؛ شخص محافظ","Multi-sense or multi-POS separation requires human dictionary review."
"582","contact","B1","noun + verb","اتصال؛ يتصل","Multi-sense or multi-POS separation requires human dictionary review."
"587","contest","B2","noun + verb","مسابقة؛ ينازع","Multi-sense or multi-POS separation requires human dictionary review."
"592","contract","B2","noun + verb","عقد؛ يتقلّص","Multi-sense or multi-POS separation requires human dictionary review."
"593","contrast","B1","noun + verb","تباين؛ يقارن","Multi-sense or multi-POS separation requires human dictionary review."
"596","control","A2","noun + verb","تحكم؛ يسيطر","Multi-sense or multi-POS separation requires human dictionary review."
"608","copy","A2","noun + verb","نسخة؛ ينسخ","Multi-sense or multi-POS separation requires human dictionary review."
"609","core","B2","noun + adjective","جوهر؛ أساسي","Multi-sense or multi-POS separation requires human dictionary review."
"612","correct","A1","adjective + verb","صحيح؛ يصحّح","Multi-sense or multi-POS separation requires human dictionary review."
"614","cost","A1","noun + verb","تكلفة؛ يكلّف","Multi-sense or multi-POS separation requires human dictionary review."
"627","crash","B2","noun + verb","تحطّم؛ يصطدم","Multi-sense or multi-POS separation requires human dictionary review."
"648","cross","A2","verb + noun","يعبر؛ صليب؛ متقاطع","Multi-sense or multi-POS separation requires human dictionary review."
"659","cure","B2","verb + noun","يعالج؛ علاج","Multi-sense or multi-POS separation requires human dictionary review."
"666","curve","B2","noun + verb","منحنى؛ ينحني","Multi-sense or multi-POS separation requires human dictionary review."
"672","cycle","A2","noun + verb","دورة؛ يركب دراجة","Multi-sense or multi-POS separation requires human dictionary review."
"676","damage","B1","noun + verb","ضرر؛ يضرّ","Multi-sense or multi-POS separation requires human dictionary review."
"677","dance","A1","noun + verb","رقص؛ يرقص","Multi-sense or multi-POS separation requires human dictionary review."
"697","decline","B2","verb + noun","ينخفض؛ يرفض؛ انخفاض","Multi-sense or multi-POS separation requires human dictionary review."
"700","decrease","B2","verb + noun","ينخفض؛ يقلّل؛ انخفاض","Multi-sense or multi-POS separation requires human dictionary review."
"704","defeat","B2","verb + noun","يهزم؛ هزيمة","Multi-sense or multi-POS separation requires human dictionary review."
"712","delay","B2","verb + noun","يؤخّر؛ تأخير","Multi-sense or multi-POS separation requires human dictionary review."
"716","delight","B2","verb + noun","يسعد؛ بهجة","Multi-sense or multi-POS separation requires human dictionary review."
"720","demand","B2","noun + verb","طلب؛ يطالب","Multi-sense or multi-POS separation requires human dictionary review."
"735","design","A1","noun + verb","تصميم؛ يصمّم","Multi-sense or multi-POS separation requires human dictionary review."
"737","desire","B2","noun + verb","رغبة؛ يرغب","Multi-sense or multi-POS separation requires human dictionary review."
"763","direct","B1","verb + adverb","يوجّه؛ مباشرة","Multi-sense or multi-POS separation requires human dictionary review."
"786","dislike","B1","verb + noun","لا يحب؛ كراهية","Multi-sense or multi-POS separation requires human dictionary review."
"788","display","B2","verb + noun","يعرض؛ عرض","Multi-sense or multi-POS separation requires human dictionary review."
"797","do","A1","verb + auxiliary","يفعل","Multi-sense or multi-POS separation requires human dictionary review."
"808","double","A2","adjective + determiner + pronoun + verb","مزدوج؛ ضعف","Multi-sense or multi-POS separation requires human dictionary review."
"810","doubt","B1","noun + verb","شكّ؛ يشكّ","Multi-sense or multi-POS separation requires human dictionary review."
"811","down","A1","adverb + preposition","أسفل","Multi-sense or multi-POS separation requires human dictionary review."
"812","download","A2","verb + noun","ينزّل؛ تنزيل","Multi-sense or multi-POS separation requires human dictionary review."
"816","dozen","B2","noun + determiner","دزينة","Multi-sense or multi-POS separation requires human dictionary review."
"817","draft","B2","noun + verb","مسوّدة؛ يصوغ","Multi-sense or multi-POS separation requires human dictionary review."
"823","dream","A2","noun + verb","حلم؛ يحلم","Multi-sense or multi-POS separation requires human dictionary review."
"824","dress","A1","noun + verb","فستان؛ يرتدي","Multi-sense or multi-POS separation requires human dictionary review."
"826","drink","A1","noun + verb","مشروب؛ يشرب","Multi-sense or multi-POS separation requires human dictionary review."
"836","each","A1","determiner + pronoun + adverb","كلّ","Multi-sense or multi-POS separation requires human dictionary review."
"838","early","A1","adjective + adverb","مبكر؛ مبكرًا","Multi-sense or multi-POS separation requires human dictionary review."
"843","east","A1","noun + adjective + adverb","الشرق؛ شرقيًا","Multi-sense or multi-POS separation requires human dictionary review."
"866","either","A2","determiner + pronoun + adverb","أيّ من الاثنين؛ أيضًا في النفي","Multi-sense or multi-POS separation requires human dictionary review."
"879","email","A1","noun + verb","بريد إلكتروني؛ يرسل بريدًا","Multi-sense or multi-POS separation requires human dictionary review."
"895","encounter","B2","verb + noun","يصادف؛ مواجهة","Multi-sense or multi-POS separation requires human dictionary review."
"897","end","A1","noun + verb","نهاية؛ ينتهي","Multi-sense or multi-POS separation requires human dictionary review."
"903","enough","A1","determiner + pronoun + adverb","كافٍ؛ بما يكفي","Multi-sense or multi-POS separation requires human dictionary review."
"918","equal","B1","adjective + verb","متساوٍ؛ يساوي","Multi-sense or multi-POS separation requires human dictionary review."
"923","escape","B1","verb + noun","يهرب؛ هروب","Multi-sense or multi-POS separation requires human dictionary review."
"929","estimate","B2","verb + noun","يقدّر؛ تقدير","Multi-sense or multi-POS separation requires human dictionary review."
"946","evil","B2","adjective + noun","شرير؛ شر","Multi-sense or multi-POS separation requires human dictionary review."
"956","exchange","B1","noun + verb","تبادل؛ يتبادل","Multi-sense or multi-POS separation requires human dictionary review."
"960","excuse","B2","noun + verb","عذر؛ يعذر","Multi-sense or multi-POS separation requires human dictionary review."
"961","executive","B2","noun + adjective","تنفيذي؛ مدير تنفيذي","Multi-sense or multi-POS separation requires human dictionary review."
"962","exercise","A1","noun + verb","تمرين؛ يتمرّن","Multi-sense or multi-POS separation requires human dictionary review."
"972","expert","A2","noun + adjective","خبير؛ متخصص","Multi-sense or multi-POS separation requires human dictionary review."
"979","export","B1","noun + verb","تصدير؛ يصدّر","Multi-sense or multi-POS separation requires human dictionary review."
"987","extra","B1","noun + adverb","إضافي؛ زيادة","Multi-sense or multi-POS separation requires human dictionary review."
"1008","family","A1","noun + adjective","عائلة؛ عائلي","Multi-sense or multi-POS separation requires human dictionary review."
"1011","fancy","B1","verb + adjective","يتخيّل؛ يرغب؛ فاخر","Multi-sense or multi-POS separation requires human dictionary review."
"1022","fast","A1","adjective + adverb","سريع؛ بسرعة","Multi-sense or multi-POS separation requires human dictionary review."
"1030","favourite","A1","adjective + noun","مفضّل؛ المفضّل","Multi-sense or multi-POS separation requires human dictionary review."
"1048","fight","A2","verb + noun","يقاتل؛ قتال","Multi-sense or multi-POS separation requires human dictionary review."
"1060","finance","B2","noun + verb","تمويل؛ يموّل","Multi-sense or multi-POS separation requires human dictionary review."
"1071","first","A1","determiner + number + adverb","الأول؛ أولًا","Multi-sense or multi-POS separation requires human dictionary review."
"1077","fit","A2","verb + adjective","يناسب؛ لائق","Multi-sense or multi-POS separation requires human dictionary review."
"1085","flash","B2","noun + verb","وميض؛ يومض","Multi-sense or multi-POS separation requires human dictionary review."
"1091","flood","B1","noun + verb","فيضان؛ يغمر","Multi-sense or multi-POS separation requires human dictionary review."
"1094","flow","B1","verb + noun","يتدفق؛ تدفّق","Multi-sense or multi-POS separation requires human dictionary review."
"1099","flying","A2","noun + adjective","طيران؛ طائر","Multi-sense or multi-POS separation requires human dictionary review."
"1100","focus","A2","verb + noun","يركّز؛ تركيز","Multi-sense or multi-POS separation requires human dictionary review."
"1104","folk","B1","noun + adjective","قوم؛ شعبي","Multi-sense or multi-POS separation requires human dictionary review."
"1112","force","B1","noun + verb","قوة؛ يجبر","Multi-sense or multi-POS separation requires human dictionary review."
"1119","form","A1","noun + verb","شكل؛ نموذج؛ يشكّل","Multi-sense or multi-POS separation requires human dictionary review."
"1124","frame","B1","noun + verb","إطار؛ يؤطّر","Multi-sense or multi-POS separation requires human dictionary review."
"1142","front","A1","noun + adjective","مقدّمة؛ أمامي","Multi-sense or multi-POS separation requires human dictionary review."
"1154","fund","B2","noun + verb","صندوق؛ يموّل","Multi-sense or multi-POS separation requires human dictionary review."
"1165","gain","B2","verb + noun","يكسب؛ مكسب","Multi-sense or multi-POS separation requires human dictionary review."
"1186","giant","B1","adjective + noun","عملاق؛ ضخم","Multi-sense or multi-POS separation requires human dictionary review."
"1192","gold","A2","noun + adjective","ذهب؛ ذهبي","Multi-sense or multi-POS separation requires human dictionary review."
"1196","goodbye","A1","exclamation + noun","وداعًا؛ مع السلامة","Multi-sense or multi-POS separation requires human dictionary review."
"1204","graduate","B1","noun + verb","خريج؛ يتخرّج","Multi-sense or multi-POS separation requires human dictionary review."
"1210","grant","B2","verb + noun","يمنح؛ منحة","Multi-sense or multi-POS separation requires human dictionary review."
"1214","green","A1","adjective + noun","أخضر؛ اللون الأخضر","Multi-sense or multi-POS separation requires human dictionary review."
"1216","grey","A1","adjective + noun","رمادي؛ اللون الرمادي","Multi-sense or multi-POS separation requires human dictionary review."
"1221","guarantee","B2","verb + noun","يضمن؛ ضمان","Multi-sense or multi-POS separation requires human dictionary review."
"1222","guard","B1","noun + verb","حارس؛ يحرس","Multi-sense or multi-POS separation requires human dictionary review."
"1223","guess","A1","verb + noun","يخمّن؛ تخمين","Multi-sense or multi-POS separation requires human dictionary review."
"1225","guide","A2","noun + verb","دليل؛ مرشد؛ يرشد","Multi-sense or multi-POS separation requires human dictionary review."
"1233","half","A1","noun + determiner + pronoun","نصف","Multi-sense or multi-POS separation requires human dictionary review."
"1238","handle","B2","verb + noun","يتعامل؛ مقبض","Multi-sense or multi-POS separation requires human dictionary review."
"1244","hard","A1","adjective + adverb","صعب؛ قاسٍ","Multi-sense or multi-POS separation requires human dictionary review."
"1246","harm","B2","noun + verb","ضرر؛ يضرّ","Multi-sense or multi-POS separation requires human dictionary review."
"1267","hello","A1","exclamation + noun","مرحبًا","Multi-sense or multi-POS separation requires human dictionary review."
"1268","help","A1","verb + noun","يساعد؛ مساعدة","Multi-sense or multi-POS separation requires human dictionary review."
"1270","her","A1","pronoun + determiner","إياها؛ لها؛ خاصتها","Multi-sense or multi-POS separation requires human dictionary review."
"1281","highlight","B1","verb + noun","يبرز؛ نقطة بارزة","Multi-sense or multi-POS separation requires human dictionary review."
"1293","hit","A2","verb + noun","يضرب؛ ضربة","Multi-sense or multi-POS separation requires human dictionary review."
"1302","home","A1","noun + adverb","بيت / منزل","Multi-sense or multi-POS separation requires human dictionary review."
"1306","honour","B2","noun + verb","شرف؛ يكرّم","Multi-sense or multi-POS separation requires human dictionary review."
"1325","human","A2","adjective + noun","بشري؛ إنسان","Multi-sense or multi-POS separation requires human dictionary review."
"1353","impact","B1","noun + verb","أثر؛ يؤثر","Multi-sense or multi-POS separation requires human dictionary review."
"1356","import","B1","noun + verb","استيراد؛ يستورد","Multi-sense or multi-POS separation requires human dictionary review."
"1367","in","A1","preposition + adverb","في","Multi-sense or multi-POS separation requires human dictionary review."
"1374","increase","A2","verb + noun","يزيد؛ زيادة","Multi-sense or multi-POS separation requires human dictionary review."
"1382","individual","A2","noun + adjective","فرد؛ فردي","Multi-sense or multi-POS separation requires human dictionary review."
"1388","influence","B1","noun + verb","تأثير؛ يؤثر","Multi-sense or multi-POS separation requires human dictionary review."
"1415","interest","A1","noun + verb","اهتمام؛ فائدة؛ يهمّ","Multi-sense or multi-POS separation requires human dictionary review."
"1423","interview","A1","noun + verb","مقابلة؛ يجري مقابلة","Multi-sense or multi-POS separation requires human dictionary review."
"1437","iron","B1","noun + verb","حديد؛ مكواة؛ يكوي","Multi-sense or multi-POS separation requires human dictionary review."
"1454","joke","A2","noun + verb","نكتة؛ يمزح","Multi-sense or multi-POS separation requires human dictionary review."
"1459","judge","B1","noun + verb","قاضٍ؛ يحكم","Multi-sense or multi-POS separation requires human dictionary review."
"1463","jump","A2","verb + noun","يقفز؛ قفزة","Multi-sense or multi-POS separation requires human dictionary review."
"1465","key","A1","noun + adjective","مفتاح؛ رئيسي","Multi-sense or multi-POS separation requires human dictionary review."
"1468","kick","B1","verb + noun","يركل؛ ركلة","Multi-sense or multi-POS separation requires human dictionary review."
"1476","kiss","B1","verb + noun","يقبّل؛ قبلة","Multi-sense or multi-POS separation requires human dictionary review."
"1485","label","B1","noun + verb","ملصق؛ يصنّف","Multi-sense or multi-POS separation requires human dictionary review."
"1488","lack","B1","noun + verb","نقص؛ يفتقر","Multi-sense or multi-POS separation requires human dictionary review."
"1500","last","A2","adverb + noun","أخيرًا؛ الأخير","Multi-sense or multi-POS separation requires human dictionary review."
"1502","late","A1","adjective + adverb","متأخرًا","Multi-sense or multi-POS separation requires human dictionary review."
"1507","laugh","A1","verb + noun","يضحك؛ ضحك","Multi-sense or multi-POS separation requires human dictionary review."
"1509","launch","B2","verb + noun","يطلق؛ إطلاق","Multi-sense or multi-POS separation requires human dictionary review."
"1525","least","A2","determiner + pronoun + adverb","أقلّ","Multi-sense or multi-POS separation requires human dictionary review."
"1529","lecture","A2","noun + verb","محاضرة؛ يحاضر","Multi-sense or multi-POS separation requires human dictionary review."
"1530","left","A1","adjective + adverb + noun","أيسر؛ يساري؛ متبقٍ","Multi-sense or multi-POS separation requires human dictionary review."
"1539","lie","B1","verb + noun","يكذب؛ كذبة","Multi-sense or multi-POS separation requires human dictionary review."
"1542","lift","A2","verb + noun","يرفع؛ مصعد","Multi-sense or multi-POS separation requires human dictionary review."
"1543","light","A1","noun + adjective","ضوء؛ مضيء","Multi-sense or multi-POS separation requires human dictionary review."
"1550","limit","B1","noun + verb","حدّ؛ يحدّ","Multi-sense or multi-POS separation requires human dictionary review."
"1554","link","A2","noun + verb","رابط؛ يربط","Multi-sense or multi-POS separation requires human dictionary review."
"1557","liquid","B1","noun + adjective","سائل؛ سائلٌ","Multi-sense or multi-POS separation requires human dictionary review."
"1558","list","A1","noun + verb","قائمة؛ يسرد","Multi-sense or multi-POS separation requires human dictionary review."
"1562","little","A1","adjective + determiner + pronoun","صغير؛ قليل","Multi-sense or multi-POS separation requires human dictionary review."
"1565","live","B1","adjective + adverb","حيّ؛ مباشر","Multi-sense or multi-POS separation requires human dictionary review."
"1567","living","B1","adjective + noun","حيّ؛ معيشة","Multi-sense or multi-POS separation requires human dictionary review."
"1568","load","B2","noun + verb","حمولة؛ يحمّل","Multi-sense or multi-POS separation requires human dictionary review."
"1575","lock","A2","verb + noun","يقفل؛ قفل","Multi-sense or multi-POS separation requires human dictionary review."
"1578","long","A1","adjective + adverb","طويل","Multi-sense or multi-POS separation requires human dictionary review."
"1579","long-term","B2","adjective + adverb","طويل الأمد / على المدى الطويل","Multi-sense or multi-POS separation requires human dictionary review."
"1588","lot","A1","pronoun + determiner + adverb","الكثير","Multi-sense or multi-POS separation requires human dictionary review."
"1589","loud","A2","adjective + adverb","عالٍ؛ بصوت عالٍ","Multi-sense or multi-POS separation requires human dictionary review."
"1591","love","A1","noun + verb","حب؛ يحب","Multi-sense or multi-POS separation requires human dictionary review."
"1593","low","A2","adjective + adverb","منخفض","Multi-sense or multi-POS separation requires human dictionary review."
"1604","magic","B1","noun + adjective","سحر؛ سحري","Multi-sense or multi-POS separation requires human dictionary review."
"1607","male","A2","adjective + noun","ذكَر؛ ذكوري","Multi-sense or multi-POS separation requires human dictionary review."
"1614","many","A1","determiner + pronoun","الكثير","Multi-sense or multi-POS separation requires human dictionary review."
"1618","mark","A2","verb + noun","علامة؛ يضع علامة؛ يصحّح","Multi-sense or multi-POS separation requires human dictionary review."
"1625","mass","B2","noun + adjective","كتلة؛ جماهيري","Multi-sense or multi-POS separation requires human dictionary review."
"1627","master","B2","noun + verb","سيّد؛ يتقن","Multi-sense or multi-POS separation requires human dictionary review."
"1628","match","A1","noun + verb","مباراة؛ يطابق","Multi-sense or multi-POS separation requires human dictionary review."
"1634","matter","A2","noun + verb","أمر؛ يهمّ","Multi-sense or multi-POS separation requires human dictionary review."
"1635","maximum","B2","adjective + noun","أقصى؛ الحد الأقصى","Multi-sense or multi-POS separation requires human dictionary review."
"1645","measure","B1","verb + noun","يقيس؛ مقياس","Multi-sense or multi-POS separation requires human dictionary review."
"1662","mess","B1","noun + verb","فوضى؛ يبعثر","Multi-sense or multi-POS separation requires human dictionary review."
"1667","middle","A2","noun + adjective","منتصف؛ أوسط","Multi-sense or multi-POS separation requires human dictionary review."
"1672","military","B2","adjective + noun","عسكري؛ الجيش","Multi-sense or multi-POS separation requires human dictionary review."
"1684","mix","B1","verb + noun","يخلط؛ مزيج","Multi-sense or multi-POS separation requires human dictionary review."
"1687","mobile","A2","adjective + noun","محمول؛ هاتف محمول","Multi-sense or multi-POS separation requires human dictionary review."
"1695","monitor","B2","noun + verb","شاشة؛ يراقب","Multi-sense or multi-POS separation requires human dictionary review."
"1700","moral","B2","adjective + noun","أخلاقي؛ عِبرة","Multi-sense or multi-POS separation requires human dictionary review."
"1701","more","A1","determiner + pronoun + adverb","أكثر","Multi-sense or multi-POS separation requires human dictionary review."
"1703","most","A1","determiner + pronoun + adverb","أكثر","Multi-sense or multi-POS separation requires human dictionary review."
"1706","motor","B2","noun + adjective","محرّك؛ آلي","Multi-sense or multi-POS separation requires human dictionary review."
"1716","much","A1","determiner + pronoun + adverb","كثير","Multi-sense or multi-POS separation requires human dictionary review."
"1721","murder","B1","noun + verb","قتل؛ يقتل","Multi-sense or multi-POS separation requires human dictionary review."
"1734","name","A1","noun + verb","اسم؛ يسمّي","Multi-sense or multi-POS separation requires human dictionary review."
"1735","narrative","B1","noun + adjective","سرد؛ سردي","Multi-sense or multi-POS separation requires human dictionary review."
"1741","native","B1","adjective + noun","أصلي؛ ابن البلد","Multi-sense or multi-POS separation requires human dictionary review."
"1752","neither","A2","determiner + pronoun","لا هذا ولا ذاك","Multi-sense or multi-POS separation requires human dictionary review."
"1763","next","A1","adjective + adverb","التالي؛ بعد ذلك","Multi-sense or multi-POS separation requires human dictionary review."
"1772","no","A1","exclamation + determiner","لا؛ لا يوجد","Multi-sense or multi-POS separation requires human dictionary review."
"1778","nor","B1","conjunction + adverb","ولا","Multi-sense or multi-POS separation requires human dictionary review."
"1782","north","A1","noun + adjective + adverb","الشمال؛ شمالي","Multi-sense or multi-POS separation requires human dictionary review."
"1789","notice","A2","verb + noun","يلاحظ؛ إشعار","Multi-sense or multi-POS separation requires human dictionary review."
"1805","objective","B2","noun + adjective","هدف؛ موضوعي","Multi-sense or multi-POS separation requires human dictionary review."
"1818","offer","A2","verb + noun","يعرض؛ عرض","Multi-sense or multi-POS separation requires human dictionary review."
"1826","OK","A1","exclamation + adjective + adverb","حسنًا؛ مقبول","Multi-sense or multi-POS separation requires human dictionary review."
"1829","on","A1","preposition + adverb","على","Multi-sense or multi-POS separation requires human dictionary review."
"1832","one","A1","number + determiner + pronoun","واحد؛ أحد","Multi-sense or multi-POS separation requires human dictionary review."
"1834","online","A1","adjective + adverb","عبر الإنترنت","Multi-sense or multi-POS separation requires human dictionary review."
"1835","only","A1","adjective + adverb","وحيد؛ فقط","Multi-sense or multi-POS separation requires human dictionary review."
"1837","open","A1","adjective + verb","مفتوح؛ يفتح","Multi-sense or multi-POS separation requires human dictionary review."
"1846","opposite","A1","adjective + adverb + preposition + noun","معاكس؛ المقابل","Multi-sense or multi-POS separation requires human dictionary review."
"1850","orange","A1","noun + adjective","برتقال؛ برتقالي","Multi-sense or multi-POS separation requires human dictionary review."
"1851","order","A1","noun + verb","طلب؛ أمر؛ ترتيب؛ يأمر","Multi-sense or multi-POS separation requires human dictionary review."
"1862","other","A1","adjective + pronoun","آخر؛ الآخر","Multi-sense or multi-POS separation requires human dictionary review."
"1868","out","A1","adverb + preposition","خارج؛ إلى الخارج","Multi-sense or multi-POS separation requires human dictionary review."
"1873","outline","B2","noun + verb","ملخص؛ يوجز","Multi-sense or multi-POS separation requires human dictionary review."
"1875","outside","A2","preposition + noun + adjective","خارج؛ خارجي","Multi-sense or multi-POS separation requires human dictionary review."
"1877","over","A1","preposition + adverb","فوق؛ أكثر من؛ انتهى","Multi-sense or multi-POS separation requires human dictionary review."
"1878","overall","B2","adjective + adverb","إجمالي؛ عمومًا","Multi-sense or multi-POS separation requires human dictionary review."
"1880","own","A1","adjective + pronoun","خاص؛ ملكه","Multi-sense or multi-POS separation requires human dictionary review."
"1883","pace","B2","noun + verb","سرعة؛ يسير بخطى","Multi-sense or multi-POS separation requires human dictionary review."
"1896","park","A1","noun + verb","متنزّه؛ يوقف","Multi-sense or multi-POS separation requires human dictionary review."
"1913","past","A1","adjective + noun + preposition","الماضي؛ بعد","Multi-sense or multi-POS separation requires human dictionary review."
"1931","per cent","A2","noun + adjective + adverb","في المئة؛ نسبي","Multi-sense or multi-POS separation requires human dictionary review."
"1941","permit","B2","verb + noun","يسمح؛ تصريح","Multi-sense or multi-POS separation requires human dictionary review."
"1953","phone","A1","noun + verb","هاتف؛ يتصل","Multi-sense or multi-POS separation requires human dictionary review."
"1962","pile","B2","noun + verb","كومة؛ يكدّس","Multi-sense or multi-POS separation requires human dictionary review."
"1964","pin","B1","noun + verb","دبوس؛ يثبّت","Multi-sense or multi-POS separation requires human dictionary review."
"1965","pink","A1","adjective + noun","وردي؛ اللون الوردي","Multi-sense or multi-POS separation requires human dictionary review."
"1971","plan","A1","noun + verb","خطّة؛ يخطّط","Multi-sense or multi-POS separation requires human dictionary review."
"1977","plastic","A2","noun + adjective","بلاستيك؛ بلاستيكي","Multi-sense or multi-POS separation requires human dictionary review."
"1980","play","A1","verb + noun","يلعب؛ يعزف؛ يمثّل","Multi-sense or multi-POS separation requires human dictionary review."
"1991","plus","B2","adjective + conjunction + noun","زائد؛ ميزة إضافية","Multi-sense or multi-POS separation requires human dictionary review."
"1999","poison","B1","noun + verb","سمّ؛ يسمّم","Multi-sense or multi-POS separation requires human dictionary review."
"2011","pop","A2","noun + adjective","موسيقى البوب؛ شعبي","Multi-sense or multi-POS separation requires human dictionary review."
"2027","post","A1","noun + verb","بريد؛ منشور؛ ينشر","Multi-sense or multi-POS separation requires human dictionary review."
"2036","praise","B2","noun + verb","مديح؛ يمدح","Multi-sense or multi-POS separation requires human dictionary review."
"2047","present","A1","adjective + noun","حاضر؛ هدية","Multi-sense or multi-POS separation requires human dictionary review."
"2052","press","B1","verb + noun","يضغط؛ صحافة","Multi-sense or multi-POS separation requires human dictionary review."
"2055","pretty","A1","adjective + adverb","جميل؛ إلى حدّ ما","Multi-sense or multi-POS separation requires human dictionary review."
"2100","promise","A2","verb + noun","يَعِد؛ وعد","Multi-sense or multi-POS separation requires human dictionary review."
"2106","protest","B1","noun + verb","احتجاج؛ يحتج","Multi-sense or multi-POS separation requires human dictionary review."
"2113","public","A2","adjective + noun","عام؛ الجمهور","Multi-sense or multi-POS separation requires human dictionary review."
"2121","purchase","B2","noun + verb","شراء؛ يشتري","Multi-sense or multi-POS separation requires human dictionary review."
"2123","purple","A1","adjective + noun","أرجواني؛ اللون الأرجواني","Multi-sense or multi-POS separation requires human dictionary review."
"2138","queue","B1","noun + verb","طابور؛ يصطف","Multi-sense or multi-POS separation requires human dictionary review."
"2146","quote","B1","verb + noun","يقتبس؛ اقتباس","Multi-sense or multi-POS separation requires human dictionary review."
"2147","race","A2","noun + verb","سباق؛ يتسابق","Multi-sense or multi-POS separation requires human dictionary review."
"2152","rain","A1","noun + verb","مطر؛ تمطر","Multi-sense or multi-POS separation requires human dictionary review."
"2156","rank","B2","noun + verb","رتبة؛ يصنّف","Multi-sense or multi-POS separation requires human dictionary review."
"2184","record","A2","noun + verb","سجل؛ يسجّل","Multi-sense or multi-POS separation requires human dictionary review."
"2188","red","A1","adjective + noun","أحمر؛ اللون الأحمر","Multi-sense or multi-POS separation requires human dictionary review."
"2195","regard","B2","verb + noun","يعتبر؛ اعتبار","Multi-sense or multi-POS separation requires human dictionary review."
"2198","register","B2","verb + noun","يسجّل؛ سجل","Multi-sense or multi-POS separation requires human dictionary review."
"2199","regret","B2","verb + noun","يندم؛ ندم","Multi-sense or multi-POS separation requires human dictionary review."
"2208","relative","B1","adjective + noun","نسبي؛ قريب","Multi-sense or multi-POS separation requires human dictionary review."
"2213","release","B1","verb + noun","يطلق؛ إصدار","Multi-sense or multi-POS separation requires human dictionary review."
"2221","remark","B2","noun + verb","ملاحظة؛ يعلّق","Multi-sense or multi-POS separation requires human dictionary review."
"2226","rent","B1","noun + verb","إيجار؛ يستأجر","Multi-sense or multi-POS separation requires human dictionary review."
"2233","reply","A2","verb + noun","يرد؛ رد","Multi-sense or multi-POS separation requires human dictionary review."
"2238","representative","B2","noun + adjective","ممثل؛ تمثيلي","Multi-sense or multi-POS separation requires human dictionary review."
"2241","reserve","B2","noun + verb","احتياطي؛ يحجز","Multi-sense or multi-POS separation requires human dictionary review."
"2242","resident","B2","noun + adjective","مقيم؛ سكني","Multi-sense or multi-POS separation requires human dictionary review."
"2247","respect","B1","noun + verb","احترام؛ يحترم","Multi-sense or multi-POS separation requires human dictionary review."
"2253","rest","A2","noun + verb","راحة؛ يستريح","Multi-sense or multi-POS separation requires human dictionary review."
"2260","return","A1","verb + noun","يعود؛ عودة","Multi-sense or multi-POS separation requires human dictionary review."
"2262","review","A2","noun + verb","مراجعة؛ يراجع","Multi-sense or multi-POS separation requires human dictionary review."
"2265","reward","B2","noun + verb","مكافأة؛ يكافئ","Multi-sense or multi-POS separation requires human dictionary review."
"2272","right","A1","adjective + adverb + noun","صحيح؛ يمين؛ حق","Multi-sense or multi-POS separation requires human dictionary review."
"2278","risk","B1","noun + verb","خطر؛ يخاطر","Multi-sense or multi-POS separation requires human dictionary review."
"2285","roll","B1","verb + noun","يتدحرج؛ لفّة","Multi-sense or multi-POS separation requires human dictionary review."
"2292","round","A2","adjective + adverb + preposition","دائري؛ حول","Multi-sense or multi-POS separation requires human dictionary review."
"2300","rubber","B2","noun + adjective","مطاط؛ ممحاة؛ مطاطي","Multi-sense or multi-POS separation requires human dictionary review."
"2317","same","A1","adjective + pronoun + adverb","نفسه؛ كذلك","Multi-sense or multi-POS separation requires human dictionary review."
"2342","score","A2","verb + noun","يسجّل؛ نتيجة","Multi-sense or multi-POS separation requires human dictionary review."
"2343","scream","B2","verb + noun","يصرخ؛ صرخة","Multi-sense or multi-POS separation requires human dictionary review."
"2349","search","A2","noun + verb","بحث؛ يبحث","Multi-sense or multi-POS separation requires human dictionary review."
"2353","second","A1","determiner + number","الثاني","Multi-sense or multi-POS separation requires human dictionary review."
"2358","secret","A2","adjective + noun","سري؛ سر","Multi-sense or multi-POS separation requires human dictionary review."
"2362","secure","B2","verb + adjective","يؤمّن؛ آمن","Multi-sense or multi-POS separation requires human dictionary review."
"2392","several","A2","determiner + pronoun","عدّة","Multi-sense or multi-POS separation requires human dictionary review."
"2413","shelter","B2","noun + verb","ملجأ؛ يؤوي","Multi-sense or multi-POS separation requires human dictionary review."
"2421","shock","B2","noun + verb","صدمة؛ يصدم","Multi-sense or multi-POS separation requires human dictionary review."
"2426","shop","A1","noun + verb","متجر؛ يتسوّق","Multi-sense or multi-POS separation requires human dictionary review."
"2432","shout","A2","verb + noun","يصيح؛ صيحة","Multi-sense or multi-POS separation requires human dictionary review."
"2433","show","A1","verb + noun","يعرض؛ عرض","Multi-sense or multi-POS separation requires human dictionary review."
"2435","shut","A2","verb + adjective","يغلق؛ مغلق","Multi-sense or multi-POS separation requires human dictionary review."
"2440","sign","A2","noun + verb","علامة؛ يوقّع","Multi-sense or multi-POS separation requires human dictionary review."
"2441","signal","B1","noun + verb","إشارة؛ يشير","Multi-sense or multi-POS separation requires human dictionary review."
"2448","silver","A2","noun + adjective","فضة؛ فضي","Multi-sense or multi-POS separation requires human dictionary review."
"2453","single","A2","adjective + noun","منفرد؛ أغنية منفردة","Multi-sense or multi-POS separation requires human dictionary review."
"2464","ski","A2","verb + noun","يتزلّج؛ زلّاجة","Multi-sense or multi-POS separation requires human dictionary review."
"2473","slice","B1","noun + verb","شريحة؛ يقطّع","Multi-sense or multi-POS separation requires human dictionary review."
"2474","slide","B2","verb + noun","ينزلق؛ شريحة","Multi-sense or multi-POS separation requires human dictionary review."
"2478","slope","B2","noun + verb","منحدر؛ يميل","Multi-sense or multi-POS separation requires human dictionary review."
"2485","smell","A2","verb + noun","يشمّ؛ رائحة","Multi-sense or multi-POS separation requires human dictionary review."
"2486","smile","A2","verb + noun","يبتسم؛ ابتسامة","Multi-sense or multi-POS separation requires human dictionary review."
"2487","smoke","A2","noun + verb","دخان؛ يدخّن","Multi-sense or multi-POS separation requires human dictionary review."
"2491","snow","A1","noun + verb","ثلج؛ تثلج","Multi-sense or multi-POS separation requires human dictionary review."
"2492","so","A1","adverb + conjunction","جدًا؛ هكذا؛ لذلك","Multi-sense or multi-POS separation requires human dictionary review."
"2503","solid","B1","adjective + noun","صلب؛ مادة صلبة","Multi-sense or multi-POS separation requires human dictionary review."
"2506","some","A1","determiner + pronoun","بعض","Multi-sense or multi-POS separation requires human dictionary review."
"2512","somewhere","A2","adverb + pronoun","في مكان ما","Multi-sense or multi-POS separation requires human dictionary review."
"2516","sorry","A1","adjective + exclamation","آسف؛ عذرًا","Multi-sense or multi-POS separation requires human dictionary review."
"2522","specialist","B2","noun + adjective","اختصاصي؛ متخصص","Multi-sense or multi-POS separation requires human dictionary review."
"2537","split","B2","verb + noun","ينقسم؛ انقسام","Multi-sense or multi-POS separation requires human dictionary review."
"2539","sponsor","B2","verb + noun","يرعى؛ راعٍ","Multi-sense or multi-POS separation requires human dictionary review."
"2548","square","A2","adjective + noun","مربّع؛ ميدان","Multi-sense or multi-POS separation requires human dictionary review."
"2558","standard","B1","noun + adjective","معيار؛ قياسي","Multi-sense or multi-POS separation requires human dictionary review."
"2565","state","B1","adjective + verb","حكومي؛ يصرّح","Multi-sense or multi-POS separation requires human dictionary review."
"2588","stop","A1","verb + noun","يتوقف؛ توقّف","Multi-sense or multi-POS separation requires human dictionary review."
"2593","straight","A2","adverb + adjective","مستقيم؛ مباشرة","Multi-sense or multi-POS separation requires human dictionary review."
"2594","stress","A2","noun + verb","ضغط؛ يؤكد","Multi-sense or multi-POS separation requires human dictionary review."
"2595","stretch","B2","verb + noun","يمتد؛ امتداد","Multi-sense or multi-POS separation requires human dictionary review."
"2597","strike","B2","verb + noun","يضرب؛ إضراب","Multi-sense or multi-POS separation requires human dictionary review."
"2603","struggle","B2","verb + noun","يكافح؛ صراع","Multi-sense or multi-POS separation requires human dictionary review."
"2606","study","A1","noun + verb","دراسة؛ يدرس","Multi-sense or multi-POS separation requires human dictionary review."
"2619","such","A2","determiner + pronoun","مثل هذا","Multi-sense or multi-POS separation requires human dictionary review."
"2629","sum","B2","noun + verb","مجموع؛ يجمع","Multi-sense or multi-POS separation requires human dictionary review."
"2636","supply","B1","noun + verb","إمداد؛ يزوّد","Multi-sense or multi-POS separation requires human dictionary review."
"2637","support","A2","verb + noun","يدعم؛ دعم","Multi-sense or multi-POS separation requires human dictionary review."
"2645","surprise","A2","noun + verb","مفاجأة؛ يفاجئ","Multi-sense or multi-POS separation requires human dictionary review."
"2652","suspect","B2","verb + noun","يشتبه؛ مشتبه به","Multi-sense or multi-POS separation requires human dictionary review."
"2656","sweet","A2","adjective + noun","حلو؛ حلوى","Multi-sense or multi-POS separation requires human dictionary review."
"2671","taste","A2","noun + verb","طعم؛ يتذوّق","Multi-sense or multi-POS separation requires human dictionary review."
"2672","tax","B1","noun + verb","ضريبة؛ يفرض ضريبة","Multi-sense or multi-POS separation requires human dictionary review."
"2679","tear","B2","verb + noun","يمزّق؛ تمزّق","Multi-sense or multi-POS separation requires human dictionary review."
"2686","telephone","A1","noun + verb","هاتف؛ يتصل","Multi-sense or multi-POS separation requires human dictionary review."
"2697","test","A1","noun + verb","اختبار؛ يختبر","Multi-sense or multi-POS separation requires human dictionary review."
"2701","thanks","A1","exclamation + noun","شكرًا؛ شكر","Multi-sense or multi-POS separation requires human dictionary review."
"2702","that","A1","determiner + pronoun + conjunction","ذلك؛ أن","Multi-sense or multi-POS separation requires human dictionary review."
"2726","this","A1","determiner + pronoun","هذا","Multi-sense or multi-POS separation requires human dictionary review."
"2728","through","A1","preposition + adverb","عبر؛ من خلال","Multi-sense or multi-POS separation requires human dictionary review."
"2729","throughout","B1","preposition + adverb","في جميع أنحاء؛ طوال","Multi-sense or multi-POS separation requires human dictionary review."
"2734","tidy","A2","adjective + verb","مرتّب؛ يرتّب","Multi-sense or multi-POS separation requires human dictionary review."
"2735","tie","A2","verb + noun","يربط؛ ربطة","Multi-sense or multi-POS separation requires human dictionary review."
"2737","till","B1","conjunction + preposition","حتى","Multi-sense or multi-POS separation requires human dictionary review."
"2745","today","A1","adverb + noun","اليوم","Multi-sense or multi-POS separation requires human dictionary review."
"2750","tomorrow","A1","adverb + noun","غدًا","Multi-sense or multi-POS separation requires human dictionary review."
"2753","tonight","A1","adverb + noun","الليلة","Multi-sense or multi-POS separation requires human dictionary review."
"2757","top","A2","noun + adjective","قمّة؛ علوي","Multi-sense or multi-POS separation requires human dictionary review."
"2759","total","B1","adjective + noun","إجمالي؛ مجموع","Multi-sense or multi-POS separation requires human dictionary review."
"2770","toy","A2","noun + adjective","لعبة؛ للعب","Multi-sense or multi-POS separation requires human dictionary review."
"2772","trade","B1","noun + verb","تجارة؛ يتاجر","Multi-sense or multi-POS separation requires human dictionary review."
"2779","transfer","B2","verb + noun","ينقل؛ نقل","Multi-sense or multi-POS separation requires human dictionary review."
"2785","travel","A1","verb + noun","يسافر؛ سفر","Multi-sense or multi-POS separation requires human dictionary review."
"2794","trust","B2","noun + verb","ثقة؛ يثق","Multi-sense or multi-POS separation requires human dictionary review."
"2802","turn","A1","verb + noun","يدور؛ دور","Multi-sense or multi-POS separation requires human dictionary review."
"2807","twin","A2","noun + adjective","توأم؛ توأمي","Multi-sense or multi-POS separation requires human dictionary review."
"2820","under","A1","preposition + adverb","تحت","Multi-sense or multi-POS separation requires human dictionary review."
"2821","underground","A2","adjective + adverb","تحت الأرض؛ مترو الأنفاق","Multi-sense or multi-POS separation requires human dictionary review."
"2844","until","A1","conjunction + preposition","حتى","Multi-sense or multi-POS separation requires human dictionary review."
"2884","visit","A1","verb + noun","يزور؛ زيارة","Multi-sense or multi-POS separation requires human dictionary review."
"2891","volunteer","B1","noun + verb","متطوع؛ يتطوع","Multi-sense or multi-POS separation requires human dictionary review."
"2892","vote","B1","noun + verb","تصويت؛ يصوّت","Multi-sense or multi-POS separation requires human dictionary review."
"2897","walk","A1","verb + noun","يمشي؛ مشي","Multi-sense or multi-POS separation requires human dictionary review."
"2900","waste","B1","noun + verb + adjective","نفايات؛ يهدر؛ غير مستغل","Multi-sense or multi-POS separation requires human dictionary review."
"2901","watch","A1","verb + noun","يشاهد؛ ساعة يد","Multi-sense or multi-POS separation requires human dictionary review."
"2921","welcome","A1","exclamation + verb + adjective","مرحبًا؛ يرحّب؛ موضع ترحيب","Multi-sense or multi-POS separation requires human dictionary review."
"2922","well","A1","adverb + adjective + exclamation","جيدًا؛ بخير؛ حسنًا","Multi-sense or multi-POS separation requires human dictionary review."
"2923","west","A1","noun + adjective + adverb","الغرب؛ غربيًا","Multi-sense or multi-POS separation requires human dictionary review."
"2926","what","A1","pronoun + determiner","ما؛ ماذا","Multi-sense or multi-POS separation requires human dictionary review."
"2927","whatever","B1","determiner + pronoun","أيًا كان؛ مهما","Multi-sense or multi-POS separation requires human dictionary review."
"2929","when","A1","adverb + pronoun + conjunction","متى؛ عندما","Multi-sense or multi-POS separation requires human dictionary review."
"2931","where","A1","adverb + conjunction","أين؛ حيث","Multi-sense or multi-POS separation requires human dictionary review."
"2935","which","A1","pronoun + determiner","أيّ؛ الذي","Multi-sense or multi-POS separation requires human dictionary review."
"2937","whisper","B2","verb + noun","يهمس؛ همس","Multi-sense or multi-POS separation requires human dictionary review."
"2938","white","A1","adjective + noun","أبيض؛ اللون الأبيض","Multi-sense or multi-POS separation requires human dictionary review."
"2942","whose","A2","determiner + pronoun","لِمَن؛ الذي له","Multi-sense or multi-POS separation requires human dictionary review."
"2955","wish","A2","verb + noun","يتمنى؛ أمنية","Multi-sense or multi-POS separation requires human dictionary review."
"2959","witness","B2","noun + verb","شاهد؛ يشهد","Multi-sense or multi-POS separation requires human dictionary review."
"2961","wonder","B1","verb + noun","يتساءل؛ دهشة","Multi-sense or multi-POS separation requires human dictionary review."
"2967","work","A1","verb + noun","يعمل؛ عمل","Multi-sense or multi-POS separation requires human dictionary review."
"2971","worldwide","B1","adjective + adverb","عالمي؛ عالميًا","Multi-sense or multi-POS separation requires human dictionary review."
"2978","wound","B2","noun + verb","جرح؛ يجرح","Multi-sense or multi-POS separation requires human dictionary review."
"2989","yellow","A1","adjective + noun","أصفر؛ اللون الأصفر","Multi-sense or multi-POS separation requires human dictionary review."
"2991","yesterday","A1","adverb + noun","أمس","Multi-sense or multi-POS separation requires human dictionary review."
